id,type,componentId,title,category,confidence,anchor,evidence,overview,function,relationships,inspection,safety
step:77d67cdf8ca533d37387abff7c1753ad6be486d591bf2f6cde6e917da186b783:generated:component-label:#52697,component-label,C01,Base and Column System,Machine Structure,geometry-derived,"{""space"":""component-local"",""units"":""m"",""position"":[-0.07499998807907104,2.116499900817871,-0.14772933721542358],""direction"":[0.07579578859509854,0.7647044339219471,-0.6399079052264955],""positionMethod"":""outward-local-bounds-face""}","[{""kind"":""technical-reference"",""title"":""29 CFR 1910.147 Control of hazardous energy"",""publisher"":""Occupational Safety and Health Administration"",""url"":""https://www.osha.gov/laws-regs/regulations/standardnumber/1910/1910.147"",""retrievedOn"":""2026-08-05"",""supports"":[""safety""]},{""kind"":""source-cad"",""title"":""Source CAD node 2627893_GRUNDMASCHINE at occurrence path DMU50_4843_ASM > 2627893_GRUNDMASCHINE"",""publisher"":""Supplied DMU50 STEP assembly and derived GLB inventory"",""supports"":[""category"",""inspection"",""overview"",""relationships"",""title""]},{""kind"":""technical-reference"",""title"":""Linear Guides: structure, function, contamination, and lubrication"",""publisher"":""THK Co., Ltd."",""url"":""https://www.thk.com/opm/jp/en/linear/thklinearguide/"",""retrievedOn"":""2026-08-05"",""supports"":[""function"",""inspection""]}]",Base and Column System is the main structural group that carries the upright column and the machine’s linear axes.,It provides stiffness and guided support for the moving machine members during machining.,"It joins the machine bed to the machine column, X-axis carriage, Y-axis carriage, and spray unit.","Inspect the column faces, carriage clearances, guideway covers, and mounting surfaces from an authorized position. Record any change and use exact maintenance information before corrective work.",Keep clear of moving axes. Any service needs authorized isolation and the installed machine instructions.
step:77d67cdf8ca533d37387abff7c1753ad6be486d591bf2f6cde6e917da186b783:generated:component-label:#62045,component-label,C02,Machine Bed,Machine Structure,geometry-derived,"{""space"":""component-local"",""units"":""m"",""position"":[-0.07500001788139343,-0.04899999871850014,-0.11150000989437103],""direction"":[0.05437733876221834,-0.9023332274136082,-0.4275954299738021],""positionMethod"":""outward-local-bounds-face""}","[{""kind"":""technical-reference"",""title"":""29 CFR 1910.147 Control of hazardous energy"",""publisher"":""Occupational Safety and Health Administration"",""url"":""https://www.osha.gov/laws-regs/regulations/standardnumber/1910/1910.147"",""retrievedOn"":""2026-08-05"",""supports"":[""safety""]},{""kind"":""technical-reference"",""title"":""29 CFR 1910.212 General requirements for all machines"",""publisher"":""Occupational Safety and Health Administration"",""url"":""https://www.osha.gov/laws-regs/regulations/standardnumber/1910/1910.212"",""retrievedOn"":""2026-08-05"",""supports"":[""function"",""safety""]},{""kind"":""source-cad"",""title"":""Source CAD node 2572244_BETT at occurrence path DMU50_4843_ASM > 2572244_BETT"",""publisher"":""Supplied DMU50 STEP assembly and derived GLB inventory"",""supports"":[""category"",""inspection"",""overview"",""relationships"",""title""]}]",Machine Bed is the low structural foundation beneath the work area.,It supports the machine’s major loads and helps establish a stable reference for the table and column.,It supports the base and column system and carries the swivel rotary table above its bed body.,"Inspect the machine bed surfaces, support interfaces, chips or fluid accumulation, and signs of damage from an authorized position. Record any change and use exact maintenance information before corrective work.",Do not work beneath or climb on the bed. Follow site lifting and isolation rules for service.
step:77d67cdf8ca533d37387abff7c1753ad6be486d591bf2f6cde6e917da186b783:generated:component-label:#95111,component-label,C03,Swivel Rotary Table,Rotary Workholding System,geometry-derived,"{""space"":""component-local"",""units"":""m"",""position"":[0,-0.4299953877925873,0.4239580072462559],""direction"":[0.31148417145873125,-0.9487021585273809,0.0542385963697058],""positionMethod"":""outward-local-bounds-face""}","[{""kind"":""manufacturer"",""title"":""DMU 50 3rd Generation product page (current-generation context only)"",""publisher"":""DMG MORI"",""url"":""https://en.dmgmori.com/products/machines/milling/5-axis-milling/dmu/dmu-50"",""retrievedOn"":""2026-08-05"",""supports"":[""function"",""relationships""]},{""kind"":""technical-reference"",""title"":""29 CFR 1910.147 Control of hazardous energy"",""publisher"":""Occupational Safety and Health Administration"",""url"":""https://www.osha.gov/laws-regs/regulations/standardnumber/1910/1910.147"",""retrievedOn"":""2026-08-05"",""supports"":[""safety""]},{""kind"":""source-cad"",""title"":""Source CAD node 3016797_SRT_SIMULTAN at occurrence path DMU50_4843_ASM > 3016797_SRT_SIMULTAN"",""publisher"":""Supplied DMU50 STEP assembly and derived GLB inventory"",""supports"":[""category"",""inspection"",""overview"",""relationships"",""title""]}]",Swivel Rotary Table is the tilting and rotating workholding group at the center of the machining area.,It positions a mounted workpiece so machining can approach it from different orientations.,"It rests on the machine bed and includes the rotary drive housing, table cradle, and table plate.","Inspect the table plate condition, cradle interfaces, drive-housing covers, and travel clearance from an authorized position. Record any change and use exact maintenance information before corrective work.",Keep hands clear of all rotary motion. Service requires authorized isolation and machine-specific instructions.
step:77d67cdf8ca533d37387abff7c1753ad6be486d591bf2f6cde6e917da186b783:generated:component-label:#108649,component-label,C04,SK40 Spindle Assembly,Spindle System,geometry-derived,"{""space"":""component-local"",""units"":""m"",""position"":[-0.1245500035583973,-0.06400550901889801,0],""direction"":[0.5671485736775618,-0.7507803625392286,0.3386315735441273],""positionMethod"":""outward-local-bounds-face""}","[{""kind"":""technical-reference"",""title"":""Steep taper tool interface"",""publisher"":""OTT-JAKOB Spanntechnik GmbH"",""url"":""https://www.ott-jakob.de/en/steep_taper/"",""retrievedOn"":""2026-08-05"",""supports"":[""function"",""inspection""]},{""kind"":""technical-reference"",""title"":""29 CFR 1910.147 Control of hazardous energy"",""publisher"":""Occupational Safety and Health Administration"",""url"":""https://www.osha.gov/laws-regs/regulations/standardnumber/1910/1910.147"",""retrievedOn"":""2026-08-05"",""supports"":[""safety""]},{""kind"":""source-cad"",""title"":""Source CAD node 2850201_SPINDEL_SK40_14K at occurrence path DMU50_4843_ASM > 2850201_SPINDEL_SK40_14K"",""publisher"":""Supplied DMU50 STEP assembly and derived GLB inventory"",""supports"":[""category"",""inspection"",""overview"",""relationships"",""title""]}]",SK40 Spindle Assembly is the tool-rotating group used for milling operations.,It holds and drives the cutting-tool interface while the surrounding machine axes position it over the workpiece.,It connects the milling spindle body and spindle mounting flange to the column-side motion structure.,"Inspect the spindle nose area, mounting flange interface, housing condition, and nearby clearances from an authorized position. Record any change and use exact maintenance information before corrective work.",Treat the spindle as a rotating-energy hazard. Do not inspect it closely until motion and energy are safely controlled.
step:77d67cdf8ca533d37387abff7c1753ad6be486d591bf2f6cde6e917da186b783:generated:component-label:#114448,component-label,C05,Tool Magazine Mechanism,Tool-Changing System,geometry-derived,"{""space"":""component-local"",""units"":""m"",""position"":[0.6592000000000001,0.08375000506043384,-0.12199999999999989],""direction"":[0.07255897994350352,0.6331521121153388,0.7706189702787256],""positionMethod"":""outward-local-bounds-face""}","[{""kind"":""manufacturer"",""title"":""DMU 50 3rd Generation product page (current-generation context only)"",""publisher"":""DMG MORI"",""url"":""https://en.dmgmori.com/products/machines/milling/5-axis-milling/dmu/dmu-50"",""retrievedOn"":""2026-08-05"",""supports"":[""function"",""relationships""]},{""kind"":""technical-reference"",""title"":""Mill Operator's Manual: generic automatic tool-changer overview"",""publisher"":""Haas Automation, Inc."",""url"":""https://www.haascnc.com/content/dam/haascnc/en/service/manual/operator/english_mill_interactive_manual_print_version_2023.pdf"",""retrievedOn"":""2026-08-05"",""supports"":[""function"",""inspection"",""relationships""]},{""kind"":""technical-reference"",""title"":""29 CFR 1910.147 Control of hazardous energy"",""publisher"":""Occupational Safety and Health Administration"",""url"":""https://www.osha.gov/laws-regs/regulations/standardnumber/1910/1910.147"",""retrievedOn"":""2026-08-05"",""supports"":[""safety""]},{""kind"":""source-cad"",""title"":""Source CAD node 2612912_WZM_30-60 at occurrence path DMU50_4843_ASM > 2612912_WZM_30-60"",""publisher"":""Supplied DMU50 STEP assembly and derived GLB inventory"",""supports"":[""category"",""inspection"",""overview"",""relationships"",""title""]}]",Tool Magazine Mechanism is the mechanism that stores and exchanges cutting tools.,It indexes tools and presents them to the machine so tool changes can occur between machining operations.,It connects the magazine drive gear and rotary tool gripper near the spindle and enclosure.,"Inspect the gear teeth, gripper fingers, tool pockets, and obstruction-free travel space from an authorized position. Record any change and use exact maintenance information before corrective work.",Keep clear during tool changes. Only trained personnel should approach after the machine is secured.
step:77d67cdf8ca533d37387abff7c1753ad6be486d591bf2f6cde6e917da186b783:generated:component-label:#127235,component-label,C06,Guideway Protection,Machine Protection,geometry-derived,"{""space"":""component-local"",""units"":""m"",""position"":[-0.1249999850988388,2.1105000972747803,0.18274999409914017],""direction"":[0.019203565657115843,0.9530641220973383,-0.30215890229626313],""positionMethod"":""outward-local-bounds-face""}","[{""kind"":""technical-reference"",""title"":""CNC Machine Protection: bellows, way covers, and shields"",""publisher"":""Hennig, Inc."",""url"":""https://hennigworldwide.com/machine-protection"",""retrievedOn"":""2026-08-05"",""supports"":[""function"",""inspection""]},{""kind"":""technical-reference"",""title"":""29 CFR 1910.147 Control of hazardous energy"",""publisher"":""Occupational Safety and Health Administration"",""url"":""https://www.osha.gov/laws-regs/regulations/standardnumber/1910/1910.147"",""retrievedOn"":""2026-08-05"",""supports"":[""safety""]},{""kind"":""source-cad"",""title"":""Source CAD node 3032368_FUEHRUNGSB-ABD at occurrence path DMU50_4843_ASM > 3032368_FUEHRUNGSB-ABD"",""publisher"":""Supplied DMU50 STEP assembly and derived GLB inventory"",""supports"":[""category"",""inspection"",""overview"",""relationships"",""title""]}]",Guideway Protection is the paired flexible covers that shield the machine guideways.,It helps keep chips and coolant away from the guided motion surfaces while the axes travel.,It surrounds the left and right guideway bellows beside the moving carriage structure.,"Inspect the guideway protection bellows folds, cover edges, trapped debris, and full-travel clearance from an authorized position. Record any change and use exact maintenance information before corrective work.",Do not reach into moving guideway areas. Use authorized isolation before cleaning or inspection.
step:77d67cdf8ca533d37387abff7c1753ad6be486d591bf2f6cde6e917da186b783:generated:component-label:#240133,component-label,C07,Machine Enclosure,Operator Protection,geometry-derived,"{""space"":""component-local"",""units"":""m"",""position"":[-0.0585000216960907,2.009999990463257,0.22450000047683716],""direction"":[0.32804106422812274,0.6880973594795112,-0.6472334077111632],""positionMethod"":""outward-local-bounds-face""}","[{""kind"":""technical-reference"",""title"":""29 CFR 1910.147 Control of hazardous energy"",""publisher"":""Occupational Safety and Health Administration"",""url"":""https://www.osha.gov/laws-regs/regulations/standardnumber/1910/1910.147"",""retrievedOn"":""2026-08-05"",""supports"":[""safety""]},{""kind"":""technical-reference"",""title"":""29 CFR 1910.212 General requirements for all machines"",""publisher"":""Occupational Safety and Health Administration"",""url"":""https://www.osha.gov/laws-regs/regulations/standardnumber/1910/1910.212"",""retrievedOn"":""2026-08-05"",""supports"":[""function"",""safety""]},{""kind"":""source-cad"",""title"":""Source CAD node 4843_KABINE_30-60WZ at occurrence path DMU50_4843_ASM > 4843_KABINE_30-60WZ"",""publisher"":""Supplied DMU50 STEP assembly and derived GLB inventory"",""supports"":[""category"",""inspection"",""overview"",""relationships"",""title""]}]",Machine Enclosure is the outer protective housing around the machining space.,"It separates the operator area from chips, coolant, and normal machine motion while providing controlled access.","It contains the main working enclosure, tool-magazine enclosure, catch pan, and rear service housing.","Inspect the machine enclosure panel seams, viewing areas, door fit, and signs of fluid escape from an authorized position. Record any change and use exact maintenance information before corrective work.",Keep guards closed during operation. Open panels only under the installed machine instructions and site safety rules.
step:77d67cdf8ca533d37387abff7c1753ad6be486d591bf2f6cde6e917da186b783:generated:component-label:#243609,component-label,C08,Tool-Changer Covers,Machine Protection,geometry-derived,"{""space"":""component-local"",""units"":""m"",""position"":[-1.4550000429153442,1.084999993443489,-0.10399997234344482],""direction"":[-0.889793961716013,0.04800548266319734,-0.45383056235559566],""positionMethod"":""outward-local-bounds-face""}","[{""kind"":""technical-reference"",""title"":""CNC Machine Protection: bellows, way covers, and shields"",""publisher"":""Hennig, Inc."",""url"":""https://hennigworldwide.com/machine-protection"",""retrievedOn"":""2026-08-05"",""supports"":[""function"",""inspection""]},{""kind"":""technical-reference"",""title"":""29 CFR 1910.147 Control of hazardous energy"",""publisher"":""Occupational Safety and Health Administration"",""url"":""https://www.osha.gov/laws-regs/regulations/standardnumber/1910/1910.147"",""retrievedOn"":""2026-08-05"",""supports"":[""safety""]},{""kind"":""technical-reference"",""title"":""29 CFR 1910.212 General requirements for all machines"",""publisher"":""Occupational Safety and Health Administration"",""url"":""https://www.osha.gov/laws-regs/regulations/standardnumber/1910/1910.212"",""retrievedOn"":""2026-08-05"",""supports"":[""function"",""safety""]},{""kind"":""source-cad"",""title"":""Source CAD node 3020755_KPLNG_30WZ at occurrence path DMU50_4843_ASM > 3020755_KPLNG_30WZ"",""publisher"":""Supplied DMU50 STEP assembly and derived GLB inventory"",""supports"":[""category"",""inspection"",""overview"",""relationships"",""title""]}]",Tool-Changer Covers is the protective cover package around the tool-changing region.,It shields nearby tool-changing parts from contact and helps contain chips around that area during normal machine operation.,It sits beside the tool magazine mechanism and the machine enclosure.,"Inspect the tool-changer covers, fastener locations, clearance to moving parts, and panel distortion from an authorized position. Record any change and use exact maintenance information before corrective work.",Do not remove covers while the machine can move. Use authorized isolation before any access.
step:77d67cdf8ca533d37387abff7c1753ad6be486d591bf2f6cde6e917da186b783:generated:component-label:#247824,component-label,C09,Roof Assembly,Operator Protection,geometry-derived,"{""space"":""component-local"",""units"":""m"",""position"":[-0.02950000762939453,1.9429999589920044,0.462499993853271],""direction"":[0.1255861160002515,0.9874959417256658,0.09528847014886792],""positionMethod"":""outward-local-bounds-face""}","[{""kind"":""technical-reference"",""title"":""CNC Machine Protection: bellows, way covers, and shields"",""publisher"":""Hennig, Inc."",""url"":""https://hennigworldwide.com/machine-protection"",""retrievedOn"":""2026-08-05"",""supports"":[""function"",""inspection""]},{""kind"":""technical-reference"",""title"":""29 CFR 1910.147 Control of hazardous energy"",""publisher"":""Occupational Safety and Health Administration"",""url"":""https://www.osha.gov/laws-regs/regulations/standardnumber/1910/1910.147"",""retrievedOn"":""2026-08-05"",""supports"":[""safety""]},{""kind"":""technical-reference"",""title"":""29 CFR 1910.212 General requirements for all machines"",""publisher"":""Occupational Safety and Health Administration"",""url"":""https://www.osha.gov/laws-regs/regulations/standardnumber/1910/1910.212"",""retrievedOn"":""2026-08-05"",""supports"":[""function"",""safety""]},{""kind"":""source-cad"",""title"":""Source CAD node 3072621_DACH at occurrence path DMU50_4843_ASM > 3072621_DACH"",""publisher"":""Supplied DMU50 STEP assembly and derived GLB inventory"",""supports"":[""category"",""inspection"",""overview"",""relationships"",""title""]}]",Roof Assembly is the top protective structure over the machine enclosure.,It closes the upper portion of the enclosure and helps keep chips and coolant within the guarded area.,It connects to the machine enclosure above the work area and tool-changing side.,"Inspect the roof seams, support rails, panel condition, and fluid traces near joints from an authorized position. Record any change and use exact maintenance information before corrective work.",Avoid climbing on the roof assembly. Service access requires approved support and site procedures.
step:77d67cdf8ca533d37387abff7c1753ad6be486d591bf2f6cde6e917da186b783:generated:component-label:#288552,component-label,C10,Coolant Support Assembly,Coolant Delivery,geometry-derived,"{""space"":""component-local"",""units"":""m"",""position"":[1.1749000549316406,0.6031962130218744,0.9371900260448456],""direction"":[0.8101313375134928,-0.35866184544115326,0.46373364834066727],""positionMethod"":""outward-local-bounds-face""}","[{""kind"":""technical-reference"",""title"":""Metalworking Fluids"",""publisher"":""National Institute for Occupational Safety and Health"",""url"":""https://archive.cdc.gov/www_cdc_gov/niosh/topics/metalworking/default.html"",""retrievedOn"":""2026-08-05"",""supports"":[""function"",""inspection"",""safety""]},{""kind"":""technical-reference"",""title"":""29 CFR 1910.147 Control of hazardous energy"",""publisher"":""Occupational Safety and Health Administration"",""url"":""https://www.osha.gov/laws-regs/regulations/standardnumber/1910/1910.147"",""retrievedOn"":""2026-08-05"",""supports"":[""safety""]},{""kind"":""source-cad"",""title"":""Source CAD node 2590726_KS-BEH_ZEI at occurrence path DMU50_4843_ASM > 2590726_KS-BEH_ZEI"",""publisher"":""Supplied DMU50 STEP assembly and derived GLB inventory"",""supports"":[""category"",""inspection"",""overview"",""relationships"",""title""]}]",Coolant Support Assembly is the support group around the coolant vessel and related support members.,It positions and protects coolant-related equipment near the machine while supporting visible vessel and joint parts.,"It includes the pivoting support arm, coolant vessel shells, elbow joint, and coolant support profile.","Inspect the shell seams, support-arm interfaces, elbow joint condition, and residue around joints from an authorized position. Record any change and use exact maintenance information before corrective work.",Coolant systems may contain fluid or pressure. Follow site controls and machine instructions before opening or loosening parts.
step:77d67cdf8ca533d37387abff7c1753ad6be486d591bf2f6cde6e917da186b783:generated:component-label:#433077,component-label,C11,Pipe Support and Auxiliary Module,Machine Auxiliary,geometry-derived,"{""space"":""component-local"",""units"":""m"",""position"":[-0.4155000001192093,0.6380000114440918,0.14050000626593828],""direction"":[-0.5835914623628704,-0.6367534829925087,-0.503950401283773],""positionMethod"":""outward-local-bounds-face""}","[{""kind"":""technical-reference"",""title"":""29 CFR 1910.147 Control of hazardous energy"",""publisher"":""Occupational Safety and Health Administration"",""url"":""https://www.osha.gov/laws-regs/regulations/standardnumber/1910/1910.147"",""retrievedOn"":""2026-08-05"",""supports"":[""safety""]},{""kind"":""source-cad"",""title"":""Source CAD node 3755454 at occurrence path DMU50_4843_ASM > 3755454"",""publisher"":""Supplied DMU50 STEP assembly and derived GLB inventory"",""supports"":[""category"",""inspection"",""overview"",""relationships"",""title""]}]","Pipe Support and Auxiliary Module is the physical grouping of a support, a pipe, and an adjacent auxiliary module.",It carries and routes an unidentified auxiliary service near the machine structure without establishing the medium it handles.,It contains the auxiliary pipe and DS04 auxiliary module beside the machine bed region.,"Inspect the pipe routing, support contact points, module mounting, and signs of leakage or damage from an authorized position. Record any change and use exact maintenance information before corrective work.",Do not disconnect an unidentified pipe or module. Authorized personnel must identify and isolate hazards first.
step:77d67cdf8ca533d37387abff7c1753ad6be486d591bf2f6cde6e917da186b783:generated:component-label:#22355,component-label,C12,Machine Column,Machine Structure,geometry-derived,"{""space"":""component-local"",""units"":""m"",""position"":[0.08500000834465027,0.8339999914169312,0.5565000176429749],""direction"":[-0.07748157829411312,-0.29441713838892164,0.9525309200482323],""positionMethod"":""outward-local-bounds-face""}","[{""kind"":""technical-reference"",""title"":""29 CFR 1910.147 Control of hazardous energy"",""publisher"":""Occupational Safety and Health Administration"",""url"":""https://www.osha.gov/laws-regs/regulations/standardnumber/1910/1910.147"",""retrievedOn"":""2026-08-05"",""supports"":[""safety""]},{""kind"":""source-cad"",""title"":""Source CAD node 2608307_STAENDER at occurrence path DMU50_4843_ASM > 2627893_GRUNDMASCHINE > 2608307_STAENDER"",""publisher"":""Supplied DMU50 STEP assembly and derived GLB inventory"",""supports"":[""category"",""inspection"",""overview"",""relationships"",""title""]},{""kind"":""technical-reference"",""title"":""Linear Guides: structure, function, contamination, and lubrication"",""publisher"":""THK Co., Ltd."",""url"":""https://www.thk.com/opm/jp/en/linear/thklinearguide/"",""retrievedOn"":""2026-08-05"",""supports"":[""function"",""inspection""]}]",Machine Column is the upright structural member behind the machining area.,It supports the axis and spindle-side equipment while resisting machining loads.,It rises from the base and column system and supports the X-axis carriage and spindle assembly.,"Inspect the column faces, mounting interfaces, surface damage, and clearance around moving members from an authorized position. Record any change and use exact maintenance information before corrective work.",Do not climb or lean into the column area during operation. Follow authorized access rules for service.
step:77d67cdf8ca533d37387abff7c1753ad6be486d591bf2f6cde6e917da186b783:generated:component-label:#31715,component-label,C13,X-Axis Carriage,Linear Motion,geometry-derived,"{""space"":""component-local"",""units"":""m"",""position"":[-0.8949999809265137,0.05425000190734863,0],""direction"":[-0.930295038551491,0.3515495820333389,-0.10470927666001968],""positionMethod"":""outward-local-bounds-face""}","[{""kind"":""technical-reference"",""title"":""29 CFR 1910.147 Control of hazardous energy"",""publisher"":""Occupational Safety and Health Administration"",""url"":""https://www.osha.gov/laws-regs/regulations/standardnumber/1910/1910.147"",""retrievedOn"":""2026-08-05"",""supports"":[""safety""]},{""kind"":""source-cad"",""title"":""Source CAD node 2527663_X_SCHLITTEN at occurrence path DMU50_4843_ASM > 2627893_GRUNDMASCHINE > 2527663_X_SCHLITTEN"",""publisher"":""Supplied DMU50 STEP assembly and derived GLB inventory"",""supports"":[""category"",""inspection"",""overview"",""relationships"",""title""]},{""kind"":""technical-reference"",""title"":""Linear Guides: structure, function, contamination, and lubrication"",""publisher"":""THK Co., Ltd."",""url"":""https://www.thk.com/opm/jp/en/linear/thklinearguide/"",""retrievedOn"":""2026-08-05"",""supports"":[""function"",""inspection""]}]",X-Axis Carriage is the moving structural member for one horizontal machine axis.,It carries attached equipment along a guided path to position the machining system.,It moves within the base and column system near the machine column and Y-axis carriage.,"Inspect the carriage faces, guideway clearance, cover condition, and mounting interfaces from an authorized position. Record any change and use exact maintenance information before corrective work.",Keep clear of the carriage travel path. Inspect only when motion and energy are controlled.
step:77d67cdf8ca533d37387abff7c1753ad6be486d591bf2f6cde6e917da186b783:generated:component-label:#41260,component-label,C14,Y-Axis Carriage,Linear Motion,geometry-derived,"{""space"":""component-local"",""units"":""m"",""position"":[0.01264999806880951,0.6159999966621399,-0.5544999949634075],""direction"":[0.10092828814905078,0.718807977532959,-0.6878434211986616],""positionMethod"":""outward-local-bounds-face""}","[{""kind"":""technical-reference"",""title"":""29 CFR 1910.147 Control of hazardous energy"",""publisher"":""Occupational Safety and Health Administration"",""url"":""https://www.osha.gov/laws-regs/regulations/standardnumber/1910/1910.147"",""retrievedOn"":""2026-08-05"",""supports"":[""safety""]},{""kind"":""source-cad"",""title"":""Source CAD node 2716987_Y_SCHLITTEN at occurrence path DMU50_4843_ASM > 2627893_GRUNDMASCHINE > 2716987_Y_SCHLITTEN"",""publisher"":""Supplied DMU50 STEP assembly and derived GLB inventory"",""supports"":[""category"",""inspection"",""overview"",""relationships"",""title""]},{""kind"":""technical-reference"",""title"":""Linear Guides: structure, function, contamination, and lubrication"",""publisher"":""THK Co., Ltd."",""url"":""https://www.thk.com/opm/jp/en/linear/thklinearguide/"",""retrievedOn"":""2026-08-05"",""supports"":[""function"",""inspection""]}]",Y-Axis Carriage is the moving structural member for the second horizontal machine axis.,It positions attached machine equipment along its guided travel path during machining movements.,It works with the X-axis carriage inside the base and column system near the spindle-side structure.,"Inspect the carriage surfaces, travel clearance, guideway protection, and attachment points from an authorized position. Record any change and use exact maintenance information before corrective work.",Keep hands and tools outside the travel envelope. Use authorized isolation before service.
step:77d67cdf8ca533d37387abff7c1753ad6be486d591bf2f6cde6e917da186b783:generated:component-label:#51492,component-label,C15,Coolant Nozzle Array,Coolant Delivery,geometry-derived,"{""space"":""component-local"",""units"":""m"",""position"":[0,0.01549999974668026,-0.012500000186264515],""direction"":[-0.2940340486837343,-0.4733094979731053,-0.8303746728694813],""positionMethod"":""outward-local-bounds-face""}","[{""kind"":""technical-reference"",""title"":""Metalworking Fluids"",""publisher"":""National Institute for Occupational Safety and Health"",""url"":""https://archive.cdc.gov/www_cdc_gov/niosh/topics/metalworking/default.html"",""retrievedOn"":""2026-08-05"",""supports"":[""function"",""inspection"",""safety""]},{""kind"":""technical-reference"",""title"":""29 CFR 1910.147 Control of hazardous energy"",""publisher"":""Occupational Safety and Health Administration"",""url"":""https://www.osha.gov/laws-regs/regulations/standardnumber/1910/1910.147"",""retrievedOn"":""2026-08-05"",""supports"":[""safety""]},{""kind"":""source-cad"",""title"":""Source CAD node 2280059_SPRITZDUESE at occurrence path DMU50_4843_ASM > 2627893_GRUNDMASCHINE > 2280059_SPRITZDUESE"",""publisher"":""Supplied DMU50 STEP assembly and derived GLB inventory"",""supports"":[""category"",""inspection"",""overview"",""relationships"",""title""]}]",Coolant Nozzle Array is the group of coolant outlets aimed toward the machining zone.,"It directs coolant toward the cutting area, although exact flow settings are not established here.",It sits on the base and column system near the spray unit and spindle work area.,"Inspect the nozzle openings, aiming position, hose or fitting condition, and buildup at outlets from an authorized position. Record any change and use exact maintenance information before corrective work.",Avoid exposure to coolant spray. Confirm the machine is safe and fluid hazards are controlled before adjustment.
step:77d67cdf8ca533d37387abff7c1753ad6be486d591bf2f6cde6e917da186b783:generated:component-label:#67602,component-label,C16,Rotary Drive Housing,Rotary Motion,geometry-derived,"{""space"":""component-local"",""units"":""m"",""position"":[0,0,-0.1615000069141388],""direction"":[0.252770780497822,-0.4478718507502741,-0.857623307654384],""positionMethod"":""outward-local-bounds-face""}","[{""kind"":""manufacturer"",""title"":""DMU 50 3rd Generation product page (current-generation context only)"",""publisher"":""DMG MORI"",""url"":""https://en.dmgmori.com/products/machines/milling/5-axis-milling/dmu/dmu-50"",""retrievedOn"":""2026-08-05"",""supports"":[""function"",""relationships""]},{""kind"":""technical-reference"",""title"":""29 CFR 1910.147 Control of hazardous energy"",""publisher"":""Occupational Safety and Health Administration"",""url"":""https://www.osha.gov/laws-regs/regulations/standardnumber/1910/1910.147"",""retrievedOn"":""2026-08-05"",""supports"":[""safety""]},{""kind"":""source-cad"",""title"":""Source CAD node 2596436_ANTRIEBS-GEH at occurrence path DMU50_4843_ASM > 3016797_SRT_SIMULTAN > 2596436_ANTRIEBS-GEH"",""publisher"":""Supplied DMU50 STEP assembly and derived GLB inventory"",""supports"":[""category"",""inspection"",""overview"",""relationships"",""title""]}]",Rotary Drive Housing is the protective housing around the rotary-table drive.,It encloses and supports the drive-side portion of the table mechanism.,It belongs to the swivel rotary table beside the table cradle and table plate.,"Inspect the housing panels, interfaces to the cradle, signs of leakage, and clearance around rotation from an authorized position. Record any change and use exact maintenance information before corrective work.",Do not open the drive housing by inference. Identify and isolate machine energy before access.
step:77d67cdf8ca533d37387abff7c1753ad6be486d591bf2f6cde6e917da186b783:generated:component-label:#79695,component-label,C17,Rotary Table Cradle,Rotary Workholding System,geometry-derived,"{""space"":""component-local"",""units"":""m"",""position"":[0,-0.3160000145435333,0.3307567685842514],""direction"":[0.4862541392088052,-0.8615692875320514,-0.14579188895071285],""positionMethod"":""outward-local-bounds-face""}","[{""kind"":""manufacturer"",""title"":""DMU 50 3rd Generation product page (current-generation context only)"",""publisher"":""DMG MORI"",""url"":""https://en.dmgmori.com/products/machines/milling/5-axis-milling/dmu/dmu-50"",""retrievedOn"":""2026-08-05"",""supports"":[""function"",""relationships""]},{""kind"":""technical-reference"",""title"":""29 CFR 1910.147 Control of hazardous energy"",""publisher"":""Occupational Safety and Health Administration"",""url"":""https://www.osha.gov/laws-regs/regulations/standardnumber/1910/1910.147"",""retrievedOn"":""2026-08-05"",""supports"":[""safety""]},{""kind"":""source-cad"",""title"":""Source CAD node 2635172_KONSOLE at occurrence path DMU50_4843_ASM > 3016797_SRT_SIMULTAN > 2635172_KONSOLE"",""publisher"":""Supplied DMU50 STEP assembly and derived GLB inventory"",""supports"":[""category"",""inspection"",""overview"",""relationships"",""title""]}]",Rotary Table Cradle is the supporting frame beneath the rotary table plate.,It holds the table plate and transfers working loads to the rotary-table structure.,It sits between the rotary drive housing and rotary table plate in the swivel rotary table.,"Inspect the cradle surfaces, table-plate interface, mounting areas, and visible damage from an authorized position. Record any change and use exact maintenance information before corrective work.",Keep clear of the table’s motion range. Use authorized isolation before inspecting close interfaces.
step:77d67cdf8ca533d37387abff7c1753ad6be486d591bf2f6cde6e917da186b783:generated:component-label:#90282,component-label,C18,Rotary Table Plate,Workholding Interface,geometry-derived,"{""space"":""component-local"",""units"":""m"",""position"":[0,-0.11599999666213989,0],""direction"":[0.35903407910948615,-0.9180198056601615,0.16832755702404323],""positionMethod"":""outward-local-bounds-face""}","[{""kind"":""manufacturer"",""title"":""DMU 50 3rd Generation product page (current-generation context only)"",""publisher"":""DMG MORI"",""url"":""https://en.dmgmori.com/products/machines/milling/5-axis-milling/dmu/dmu-50"",""retrievedOn"":""2026-08-05"",""supports"":[""function"",""relationships""]},{""kind"":""technical-reference"",""title"":""29 CFR 1910.147 Control of hazardous energy"",""publisher"":""Occupational Safety and Health Administration"",""url"":""https://www.osha.gov/laws-regs/regulations/standardnumber/1910/1910.147"",""retrievedOn"":""2026-08-05"",""supports"":[""safety""]},{""kind"":""source-cad"",""title"":""Source CAD node 2596435_TISCHPLATTE at occurrence path DMU50_4843_ASM > 3016797_SRT_SIMULTAN > 2596435_TISCHPLATTE"",""publisher"":""Supplied DMU50 STEP assembly and derived GLB inventory"",""supports"":[""category"",""inspection"",""overview"",""relationships"",""title""]}]",Rotary Table Plate is the flat workholding surface on the rotary table.,It provides the visible interface where fixtures or workpieces can be mounted.,It rests on the rotary table cradle and works with the rotary drive housing beneath it.,"Inspect the table plate surface, mounting holes, fixture contact areas, and chip buildup from an authorized position. Record any change and use exact maintenance information before corrective work.",Secure workholding before operation. Do not reach across the plate until rotary motion is stopped and controlled.
step:77d67cdf8ca533d37387abff7c1753ad6be486d591bf2f6cde6e917da186b783:generated:component-label:#105517,component-label,C19,Milling Spindle Body,Spindle System,geometry-derived,"{""space"":""component-local"",""units"":""m"",""position"":[0.027899999171495438,0,-0.04749999940395355],""direction"":[0.6589240867997904,-0.3092727942055445,-0.6856889867858146],""positionMethod"":""outward-local-bounds-face""}","[{""kind"":""technical-reference"",""title"":""Steep taper tool interface"",""publisher"":""OTT-JAKOB Spanntechnik GmbH"",""url"":""https://www.ott-jakob.de/en/steep_taper/"",""retrievedOn"":""2026-08-05"",""supports"":[""function"",""inspection""]},{""kind"":""technical-reference"",""title"":""29 CFR 1910.147 Control of hazardous energy"",""publisher"":""Occupational Safety and Health Administration"",""url"":""https://www.osha.gov/laws-regs/regulations/standardnumber/1910/1910.147"",""retrievedOn"":""2026-08-05"",""supports"":[""safety""]},{""kind"":""source-cad"",""title"":""Source CAD node 2709396_FRAESSPINDEL at occurrence path DMU50_4843_ASM > 2850201_SPINDEL_SK40_14K > 2709396_FRAESSPINDEL"",""publisher"":""Supplied DMU50 STEP assembly and derived GLB inventory"",""supports"":[""category"",""inspection"",""overview"",""relationships"",""title""]}]",Milling Spindle Body is the main body of the milling spindle.,It houses the tool-driving portion of the spindle system and presents the tool interface toward the work area.,It sits within the SK40 spindle assembly next to the spindle mounting flange and column-side motion structure.,"Inspect the spindle body surface, tool-end area, mounting interface, and nearby clearance from an authorized position. Record any change and use exact maintenance information before corrective work.",Treat the spindle as a rotating hazard. Follow machine instructions before any close inspection or service.
step:77d67cdf8ca533d37387abff7c1753ad6be486d591bf2f6cde6e917da186b783:generated:component-label:#112093,component-label,C20,Magazine Drive Gear,Tool-Changing System,geometry-derived,"{""space"":""component-local"",""units"":""m"",""position"":[0.24449999630451197,0.15985000506043434,-1.1102230246251565e-16],""direction"":[-0.21894161401214213,0.6194232746228913,-0.7539093954244186],""positionMethod"":""outward-local-bounds-face""}","[{""kind"":""technical-reference"",""title"":""Mill Operator's Manual: generic automatic tool-changer overview"",""publisher"":""Haas Automation, Inc."",""url"":""https://www.haascnc.com/content/dam/haascnc/en/service/manual/operator/english_mill_interactive_manual_print_version_2023.pdf"",""retrievedOn"":""2026-08-05"",""supports"":[""function"",""inspection"",""relationships""]},{""kind"":""technical-reference"",""title"":""29 CFR 1910.147 Control of hazardous energy"",""publisher"":""Occupational Safety and Health Administration"",""url"":""https://www.osha.gov/laws-regs/regulations/standardnumber/1910/1910.147"",""retrievedOn"":""2026-08-05"",""supports"":[""safety""]},{""kind"":""source-cad"",""title"":""Source CAD node 2612912_GEAR_1 at occurrence path DMU50_4843_ASM > 2612912_WZM_30-60 > 2612912_GEAR_1"",""publisher"":""Supplied DMU50 STEP assembly and derived GLB inventory"",""supports"":[""category"",""inspection"",""overview"",""relationships"",""title""]}]",Magazine Drive Gear is the drive gear within the tool magazine mechanism.,It transfers motion for magazine indexing during a tool-change cycle.,It works with the rotary tool gripper inside the tool magazine mechanism near the spindle.,"Inspect the gear teeth, tooth wear, debris between teeth, and clearance to nearby guards from an authorized position. Record any change and use exact maintenance information before corrective work.",Do not touch gearing while the machine is energized. Secure motion and follow service instructions first.
step:77d67cdf8ca533d37387abff7c1753ad6be486d591bf2f6cde6e917da186b783:generated:component-label:#114218,component-label,C21,Rotary Tool Gripper,Tool-Changing System,geometry-derived,"{""space"":""component-local"",""units"":""m"",""position"":[0.3449999988079071,0.014999999664723762,-1.1102230246251565e-16],""direction"":[0.08407751799572884,0.42470533431743146,0.9014190756634768],""positionMethod"":""outward-local-bounds-face""}","[{""kind"":""technical-reference"",""title"":""Mill Operator's Manual: generic automatic tool-changer overview"",""publisher"":""Haas Automation, Inc."",""url"":""https://www.haascnc.com/content/dam/haascnc/en/service/manual/operator/english_mill_interactive_manual_print_version_2023.pdf"",""retrievedOn"":""2026-08-05"",""supports"":[""function"",""inspection"",""relationships""]},{""kind"":""technical-reference"",""title"":""29 CFR 1910.147 Control of hazardous energy"",""publisher"":""Occupational Safety and Health Administration"",""url"":""https://www.osha.gov/laws-regs/regulations/standardnumber/1910/1910.147"",""retrievedOn"":""2026-08-05"",""supports"":[""safety""]},{""kind"":""source-cad"",""title"":""Source CAD node 2612912_ROTATE_GRAB at occurrence path DMU50_4843_ASM > 2612912_WZM_30-60 > 2612912_ROTATE_GRAB"",""publisher"":""Supplied DMU50 STEP assembly and derived GLB inventory"",""supports"":[""category"",""inspection"",""overview"",""relationships"",""title""]}]",Rotary Tool Gripper is the rotating gripper that handles tools in the magazine mechanism.,It grips and moves a tool during the machine’s tool-change sequence.,It works with the magazine drive gear between the tool magazine and spindle area.,"Inspect the gripper fingers, pivot area, tool-contact faces, and unobstructed movement space from an authorized position. Record any change and use exact maintenance information before corrective work.",Keep away from the gripper’s travel path. Service requires authorized isolation and machine-specific guidance.
step:77d67cdf8ca533d37387abff7c1753ad6be486d591bf2f6cde6e917da186b783:generated:component-label:#115855,component-label,C22,Right Guideway Bellows,Machine Protection,geometry-derived,"{""space"":""component-local"",""units"":""m"",""position"":[0.08898353949189186,0.31100000999867916,0.4059999883174896],""direction"":[0.4833265766182963,0.5933780847873602,0.6436597461613726],""positionMethod"":""outward-local-bounds-face""}","[{""kind"":""technical-reference"",""title"":""CNC Machine Protection: bellows, way covers, and shields"",""publisher"":""Hennig, Inc."",""url"":""https://hennigworldwide.com/machine-protection"",""retrievedOn"":""2026-08-05"",""supports"":[""function"",""inspection""]},{""kind"":""technical-reference"",""title"":""29 CFR 1910.147 Control of hazardous energy"",""publisher"":""Occupational Safety and Health Administration"",""url"":""https://www.osha.gov/laws-regs/regulations/standardnumber/1910/1910.147"",""retrievedOn"":""2026-08-05"",""supports"":[""safety""]},{""kind"":""source-cad"",""title"":""Source CAD node 2376252_FALTENBALG at occurrence path DMU50_4843_ASM > 3032368_FUEHRUNGSB-ABD > 2376252_FALTENBALG"",""publisher"":""Supplied DMU50 STEP assembly and derived GLB inventory"",""supports"":[""category"",""inspection"",""overview"",""relationships"",""title""]}]",Right Guideway Bellows is the flexible cover on one side of the guideway area.,It expands and compresses with axis travel to help shield guided motion surfaces from chips and coolant.,It pairs with the left guideway bellows inside the guideway protection group.,"Inspect the bellows folds, edge seals, trapped chips, and clearance through travel from an authorized position. Record any change and use exact maintenance information before corrective work.",Do not place hands near the bellows during axis motion. Isolate the machine before cleaning.
step:77d67cdf8ca533d37387abff7c1753ad6be486d591bf2f6cde6e917da186b783:generated:component-label:#117262,component-label,C23,Left Guideway Bellows,Machine Protection,geometry-derived,"{""space"":""component-local"",""units"":""m"",""position"":[0.08898353949189186,0.6420000195503235,0.1482500061392784],""direction"":[0.5386683042717134,0.661320900168155,-0.5220068246429523],""positionMethod"":""outward-local-bounds-face""}","[{""kind"":""technical-reference"",""title"":""CNC Machine Protection: bellows, way covers, and shields"",""publisher"":""Hennig, Inc."",""url"":""https://hennigworldwide.com/machine-protection"",""retrievedOn"":""2026-08-05"",""supports"":[""function"",""inspection""]},{""kind"":""technical-reference"",""title"":""29 CFR 1910.147 Control of hazardous energy"",""publisher"":""Occupational Safety and Health Administration"",""url"":""https://www.osha.gov/laws-regs/regulations/standardnumber/1910/1910.147"",""retrievedOn"":""2026-08-05"",""supports"":[""safety""]},{""kind"":""source-cad"",""title"":""Source CAD node 2376253_FALTENBALG at occurrence path DMU50_4843_ASM > 3032368_FUEHRUNGSB-ABD > 2376253_FALTENBALG"",""publisher"":""Supplied DMU50 STEP assembly and derived GLB inventory"",""supports"":[""category"",""inspection"",""overview"",""relationships"",""title""]}]",Left Guideway Bellows is the flexible cover on the opposite side of the guideway area.,It expands and compresses with axis travel to help protect nearby guideway surfaces.,It pairs with the right guideway bellows inside the guideway protection group.,"Inspect the bellows folds, edge condition, trapped chips, and clearance through travel from an authorized position. Record any change and use exact maintenance information before corrective work.",Do not place hands near the bellows during axis motion. Isolate the machine before cleaning.
step:77d67cdf8ca533d37387abff7c1753ad6be486d591bf2f6cde6e917da186b783:generated:component-label:#191871,component-label,C24,Main Working Enclosure,Operator Protection,geometry-derived,"{""space"":""component-local"",""units"":""m"",""position"":[-0.03525000810623169,1.1525000035762787,-1.0959999561309814],""direction"":[0.270471042263252,0.3139077416964297,-0.9101139186937411],""positionMethod"":""outward-local-bounds-face""}","[{""kind"":""technical-reference"",""title"":""29 CFR 1910.147 Control of hazardous energy"",""publisher"":""Occupational Safety and Health Administration"",""url"":""https://www.osha.gov/laws-regs/regulations/standardnumber/1910/1910.147"",""retrievedOn"":""2026-08-05"",""supports"":[""safety""]},{""kind"":""technical-reference"",""title"":""29 CFR 1910.212 General requirements for all machines"",""publisher"":""Occupational Safety and Health Administration"",""url"":""https://www.osha.gov/laws-regs/regulations/standardnumber/1910/1910.212"",""retrievedOn"":""2026-08-05"",""supports"":[""function"",""safety""]},{""kind"":""source-cad"",""title"":""Source CAD node 3021094_KABINE at occurrence path DMU50_4843_ASM > 4843_KABINE_30-60WZ > 3021094_KABINE"",""publisher"":""Supplied DMU50 STEP assembly and derived GLB inventory"",""supports"":[""category"",""inspection"",""overview"",""relationships"",""title""]}]",Main Working Enclosure is the protected enclosure surrounding the main machining zone.,It contains normal machining debris and coolant while providing the primary guarded working space.,It belongs to the machine enclosure and contains the front access door and side viewing panel.,"Inspect the enclosure seams, viewing surfaces, door fit, and fluid traces at lower edges from an authorized position. Record any change and use exact maintenance information before corrective work.",Keep the enclosure closed during machining. Access only after the machine is safe and site rules permit it.
step:77d67cdf8ca533d37387abff7c1753ad6be486d591bf2f6cde6e917da186b783:generated:component-label:#143747,component-label,C25,Front Access Door,Access Guard,geometry-derived,"{""space"":""component-local"",""units"":""m"",""position"":[0.028499990701675415,1.1524999663233757,1.090000033378601],""direction"":[0.27237946754847386,0.19476982556811687,0.9422707364161189],""positionMethod"":""outward-local-bounds-face""}","[{""kind"":""technical-reference"",""title"":""29 CFR 1910.147 Control of hazardous energy"",""publisher"":""Occupational Safety and Health Administration"",""url"":""https://www.osha.gov/laws-regs/regulations/standardnumber/1910/1910.147"",""retrievedOn"":""2026-08-05"",""supports"":[""safety""]},{""kind"":""technical-reference"",""title"":""29 CFR 1910.212 General requirements for all machines"",""publisher"":""Occupational Safety and Health Administration"",""url"":""https://www.osha.gov/laws-regs/regulations/standardnumber/1910/1910.212"",""retrievedOn"":""2026-08-05"",""supports"":[""function"",""safety""]},{""kind"":""source-cad"",""title"":""Source CAD node 3021101_TUER_VO_KPL at occurrence path DMU50_4843_ASM > 4843_KABINE_30-60WZ > 3021094_KABINE > 3021098_KABINE > 3021101_TUER_VO_KPL"",""publisher"":""Supplied DMU50 STEP assembly and derived GLB inventory"",""supports"":[""category"",""inspection"",""overview"",""relationships"",""title""]}]",Front Access Door is the main front guard door for the machining enclosure.,It provides controlled access to the working area while helping contain chips and coolant when closed.,It is part of the main working enclosure alongside the side viewing panel.,"Inspect the door edges, viewing window, latch area, and alignment with the enclosure frame from an authorized position. Record any change and use exact maintenance information before corrective work.",Do not bypass or assume the condition of any guard feature. Follow the installed machine instructions before opening.
step:77d67cdf8ca533d37387abff7c1753ad6be486d591bf2f6cde6e917da186b783:generated:component-label:#151081,component-label,C26,Side Viewing Panel,Access Guard,geometry-derived,"{""space"":""component-local"",""units"":""m"",""position"":[-0.5600000163540244,1.1524999663233757,0.7419999837875366],""direction"":[-0.22860956810759125,0.1512416718471862,0.9616983009585326],""positionMethod"":""outward-local-bounds-face""}","[{""kind"":""technical-reference"",""title"":""29 CFR 1910.147 Control of hazardous energy"",""publisher"":""Occupational Safety and Health Administration"",""url"":""https://www.osha.gov/laws-regs/regulations/standardnumber/1910/1910.147"",""retrievedOn"":""2026-08-05"",""supports"":[""safety""]},{""kind"":""technical-reference"",""title"":""29 CFR 1910.212 General requirements for all machines"",""publisher"":""Occupational Safety and Health Administration"",""url"":""https://www.osha.gov/laws-regs/regulations/standardnumber/1910/1910.212"",""retrievedOn"":""2026-08-05"",""supports"":[""function"",""safety""]},{""kind"":""source-cad"",""title"":""Source CAD node 3021102_SEITENWAND at occurrence path DMU50_4843_ASM > 4843_KABINE_30-60WZ > 3021094_KABINE > 3021098_KABINE > 3021102_SEITENWAND"",""publisher"":""Supplied DMU50 STEP assembly and derived GLB inventory"",""supports"":[""category"",""inspection"",""overview"",""relationships"",""title""]}]",Side Viewing Panel is the guarded viewing surface on the side of the main enclosure.,It lets an operator observe the machining space while preserving a physical barrier.,It belongs to the main working enclosure beside the front access door and outer enclosure panels.,"Inspect the viewing panel surface, frame edges, seal condition, and any cracks or clouding from an authorized position. Record any change and use exact maintenance information before corrective work.",Do not rely on a damaged viewing panel. Follow site guarding rules and arrange proper service.
step:77d67cdf8ca533d37387abff7c1753ad6be486d591bf2f6cde6e917da186b783:generated:component-label:#226296,component-label,C27,Tool-Magazine Enclosure,Machine Protection,geometry-derived,"{""space"":""component-local"",""units"":""m"",""position"":[-1.4550000429153442,1.1449999958276749,0.17000001668930054],""direction"":[-0.9632179768479019,0.12556127191757604,-0.237582608941554],""positionMethod"":""outward-local-bounds-face""}","[{""kind"":""technical-reference"",""title"":""Mill Operator's Manual: generic automatic tool-changer overview"",""publisher"":""Haas Automation, Inc."",""url"":""https://www.haascnc.com/content/dam/haascnc/en/service/manual/operator/english_mill_interactive_manual_print_version_2023.pdf"",""retrievedOn"":""2026-08-05"",""supports"":[""function"",""inspection"",""relationships""]},{""kind"":""technical-reference"",""title"":""29 CFR 1910.147 Control of hazardous energy"",""publisher"":""Occupational Safety and Health Administration"",""url"":""https://www.osha.gov/laws-regs/regulations/standardnumber/1910/1910.147"",""retrievedOn"":""2026-08-05"",""supports"":[""safety""]},{""kind"":""technical-reference"",""title"":""29 CFR 1910.212 General requirements for all machines"",""publisher"":""Occupational Safety and Health Administration"",""url"":""https://www.osha.gov/laws-regs/regulations/standardnumber/1910/1910.212"",""retrievedOn"":""2026-08-05"",""supports"":[""function"",""safety""]},{""kind"":""source-cad"",""title"":""Source CAD node 2994600_ZBS at occurrence path DMU50_4843_ASM > 4843_KABINE_30-60WZ > 2994600_ZBS"",""publisher"":""Supplied DMU50 STEP assembly and derived GLB inventory"",""supports"":[""category"",""inspection"",""overview"",""relationships"",""title""]}]",Tool-Magazine Enclosure is the guarded housing around the tool magazine side of the machine.,It separates the tool-changing mechanism from the surrounding work area and provides service access through its doors.,It belongs to the machine enclosure and contains the tool-magazine access door and side service door.,"Inspect the housing panels, door seams, tool-side clearances, and signs of contact damage from an authorized position. Record any change and use exact maintenance information before corrective work.",Keep this enclosure closed during operation. Service access requires the machine to be safely secured.
step:77d67cdf8ca533d37387abff7c1753ad6be486d591bf2f6cde6e917da186b783:generated:component-label:#216784,component-label,C28,Tool-Magazine Access Door,Access Guard,geometry-derived,"{""space"":""component-local"",""units"":""m"",""position"":[-1.3309999704360962,1.6022499799728394,0.669500008225441],""direction"":[-0.8677046370896386,0.3533624618629126,0.3496049675266645],""positionMethod"":""outward-local-bounds-face""}","[{""kind"":""technical-reference"",""title"":""Mill Operator's Manual: generic automatic tool-changer overview"",""publisher"":""Haas Automation, Inc."",""url"":""https://www.haascnc.com/content/dam/haascnc/en/service/manual/operator/english_mill_interactive_manual_print_version_2023.pdf"",""retrievedOn"":""2026-08-05"",""supports"":[""function"",""inspection"",""relationships""]},{""kind"":""technical-reference"",""title"":""29 CFR 1910.147 Control of hazardous energy"",""publisher"":""Occupational Safety and Health Administration"",""url"":""https://www.osha.gov/laws-regs/regulations/standardnumber/1910/1910.147"",""retrievedOn"":""2026-08-05"",""supports"":[""safety""]},{""kind"":""technical-reference"",""title"":""29 CFR 1910.212 General requirements for all machines"",""publisher"":""Occupational Safety and Health Administration"",""url"":""https://www.osha.gov/laws-regs/regulations/standardnumber/1910/1910.212"",""retrievedOn"":""2026-08-05"",""supports"":[""function"",""safety""]},{""kind"":""source-cad"",""title"":""Source CAD node 2994823_TUER_WZW_KPL at occurrence path DMU50_4843_ASM > 4843_KABINE_30-60WZ > 2994600_ZBS > 2994816_ABDECKUNG > 2994823_TUER_WZW_KPL"",""publisher"":""Supplied DMU50 STEP assembly and derived GLB inventory"",""supports"":[""category"",""inspection"",""overview"",""relationships"",""title""]}]",Tool-Magazine Access Door is the door used to reach the tool magazine enclosure.,It provides controlled service access to the magazine-side equipment while acting as a guard when closed.,It belongs to the tool-magazine enclosure beside the side service door and magazine mechanism.,"Inspect the door edges, window or panel surface, latch area, and frame alignment from an authorized position. Record any change and use exact maintenance information before corrective work.",Open only under authorized conditions. Do not reach into tool-changing equipment until energy is controlled.
step:77d67cdf8ca533d37387abff7c1753ad6be486d591bf2f6cde6e917da186b783:generated:component-label:#225896,component-label,C29,Side Service Door,Access Guard,geometry-derived,"{""space"":""component-local"",""units"":""m"",""position"":[1.6299999356269836,1.4000000357627869,0.9599999785423279],""direction"":[-0.5723264207472906,-0.3295245318889711,0.7509034898027508],""positionMethod"":""outward-local-bounds-face""}","[{""kind"":""technical-reference"",""title"":""29 CFR 1910.147 Control of hazardous energy"",""publisher"":""Occupational Safety and Health Administration"",""url"":""https://www.osha.gov/laws-regs/regulations/standardnumber/1910/1910.147"",""retrievedOn"":""2026-08-05"",""supports"":[""safety""]},{""kind"":""technical-reference"",""title"":""29 CFR 1910.212 General requirements for all machines"",""publisher"":""Occupational Safety and Health Administration"",""url"":""https://www.osha.gov/laws-regs/regulations/standardnumber/1910/1910.212"",""retrievedOn"":""2026-08-05"",""supports"":[""function"",""safety""]},{""kind"":""source-cad"",""title"":""Source CAD node 2586948_TUER_KPLT at occurrence path DMU50_4843_ASM > 4843_KABINE_30-60WZ > 2994600_ZBS > 2586948_TUER_KPLT"",""publisher"":""Supplied DMU50 STEP assembly and derived GLB inventory"",""supports"":[""category"",""inspection"",""overview"",""relationships"",""title""]}]",Side Service Door is the side door for access to equipment beside the tool magazine.,It provides a guarded opening for service while closing the enclosure during normal operation.,It belongs to the tool-magazine enclosure near the tool-magazine access door and changer mechanism.,"Inspect the door seams, panel condition, attachment points, and alignment with the opening from an authorized position. Record any change and use exact maintenance information before corrective work.",Open only under authorized conditions. Identify hazards behind the door before beginning service.
step:77d67cdf8ca533d37387abff7c1753ad6be486d591bf2f6cde6e917da186b783:generated:component-label:#236327,component-label,C30,Enclosure Catch Pan,Coolant Containment,geometry-derived,"{""space"":""component-local"",""units"":""m"",""position"":[-1.3919999599456787,0.8463000357151031,0.38250001426786184],""direction"":[-0.9776105866512071,-0.21041035550415552,0.0022412416418667526],""positionMethod"":""outward-local-bounds-face""}","[{""kind"":""technical-reference"",""title"":""Metalworking Fluids"",""publisher"":""National Institute for Occupational Safety and Health"",""url"":""https://archive.cdc.gov/www_cdc_gov/niosh/topics/metalworking/default.html"",""retrievedOn"":""2026-08-05"",""supports"":[""function"",""inspection"",""safety""]},{""kind"":""technical-reference"",""title"":""29 CFR 1910.147 Control of hazardous energy"",""publisher"":""Occupational Safety and Health Administration"",""url"":""https://www.osha.gov/laws-regs/regulations/standardnumber/1910/1910.147"",""retrievedOn"":""2026-08-05"",""supports"":[""safety""]},{""kind"":""source-cad"",""title"":""Source CAD node 2994606_KPLNG at occurrence path DMU50_4843_ASM > 4843_KABINE_30-60WZ > 2994606_KPLNG"",""publisher"":""Supplied DMU50 STEP assembly and derived GLB inventory"",""supports"":[""category"",""inspection"",""overview"",""relationships"",""title""]}]",Enclosure Catch Pan is the pan-shaped containment surface beneath the enclosure.,"It collects coolant, chips, and residue that fall from the working area.",It sits within the machine enclosure below the main working and tool-magazine enclosures.,"Inspect the enclosure catch-pan seams, low points, drain-area condition, and buildup of chips or residue from an authorized position. Record any change and use exact maintenance information before corrective work.",Avoid contact with accumulated coolant and sharp chips. Use approved protective equipment and authorized access.
step:77d67cdf8ca533d37387abff7c1753ad6be486d591bf2f6cde6e917da186b783:generated:component-label:#238519,component-label,C31,Rear Service Housing,Service Enclosure,geometry-derived,"{""space"":""component-local"",""units"":""m"",""position"":[0.7649999856948853,0.4699999988079071,0.5199999809265137],""direction"":[-0.07835380963722159,-0.3091126399997347,0.9477922010165142],""positionMethod"":""outward-local-bounds-face""}","[{""kind"":""technical-reference"",""title"":""29 CFR 1910.147 Control of hazardous energy"",""publisher"":""Occupational Safety and Health Administration"",""url"":""https://www.osha.gov/laws-regs/regulations/standardnumber/1910/1910.147"",""retrievedOn"":""2026-08-05"",""supports"":[""safety""]},{""kind"":""technical-reference"",""title"":""29 CFR 1910.212 General requirements for all machines"",""publisher"":""Occupational Safety and Health Administration"",""url"":""https://www.osha.gov/laws-regs/regulations/standardnumber/1910/1910.212"",""retrievedOn"":""2026-08-05"",""supports"":[""function"",""safety""]},{""kind"":""source-cad"",""title"":""Source CAD node 2889519_GEHAEUSE at occurrence path DMU50_4843_ASM > 4843_KABINE_30-60WZ > 2889519_GEHAEUSE"",""publisher"":""Supplied DMU50 STEP assembly and derived GLB inventory"",""supports"":[""category"",""inspection"",""overview"",""relationships"",""title""]}]",Rear Service Housing is the rear housing that closes a service area behind the machine.,It provides a protected outer surface and controlled access to equipment not identified in this view.,It belongs to the machine enclosure behind the main working enclosure and tool-magazine enclosure.,"Inspect the housing panels, door seams, mounting points, and traces of fluid or damage from an authorized position. Record any change and use exact maintenance information before corrective work.",Do not open an unidentified service housing without authorization. Confirm all hazards before access.
step:77d67cdf8ca533d37387abff7c1753ad6be486d591bf2f6cde6e917da186b783:generated:component-label:#255429,component-label,C32,Pivoting Support Arm,Coolant Delivery,geometry-derived,"{""space"":""component-local"",""units"":""m"",""position"":[-0.048877160996198654,0.4297603517770767,-0.3429483629567551],""direction"":[-0.6492313532903214,-0.43823665214005386,-0.621648845109436],""positionMethod"":""outward-local-bounds-face""}","[{""kind"":""technical-reference"",""title"":""Metalworking Fluids"",""publisher"":""National Institute for Occupational Safety and Health"",""url"":""https://archive.cdc.gov/www_cdc_gov/niosh/topics/metalworking/default.html"",""retrievedOn"":""2026-08-05"",""supports"":[""function"",""inspection"",""safety""]},{""kind"":""technical-reference"",""title"":""29 CFR 1910.147 Control of hazardous energy"",""publisher"":""Occupational Safety and Health Administration"",""url"":""https://www.osha.gov/laws-regs/regulations/standardnumber/1910/1910.147"",""retrievedOn"":""2026-08-05"",""supports"":[""safety""]},{""kind"":""source-cad"",""title"":""Source CAD node 2603326_AUSLEGEARM at occurrence path DMU50_4843_ASM > 2590726_KS-BEH_ZEI > 2572244_BETT > 3034510_ABT > 2603326_AUSLEGEARM"",""publisher"":""Supplied DMU50 STEP assembly and derived GLB inventory"",""supports"":[""category"",""inspection"",""overview"",""relationships"",""title""]}]",Pivoting Support Arm is the long support member beside the coolant vessel area.,"It supports the surrounding coolant-related structure and may allow a visible change in position, without establishing adjustment details.","It belongs to the coolant support assembly near the vessel shells, elbow joint, and support profile.","Inspect the support-arm joints, surface condition, deflection, and clearance to nearby shells from an authorized position. Record any change and use exact maintenance information before corrective work.",Do not force or support the arm by hand. Use machine-specific instructions and authorized isolation.
step:77d67cdf8ca533d37387abff7c1753ad6be486d591bf2f6cde6e917da186b783:generated:component-label:#275229,component-label,C33,Lower Coolant Vessel Shell,Coolant Containment,geometry-derived,"{""space"":""component-local"",""units"":""m"",""position"":[0,-0.1251540184020996,0.025456102564930916],""direction"":[0.6507183583771359,-0.7114942799332532,0.2652197347356091],""positionMethod"":""outward-local-bounds-face""}","[{""kind"":""technical-reference"",""title"":""Metalworking Fluids"",""publisher"":""National Institute for Occupational Safety and Health"",""url"":""https://archive.cdc.gov/www_cdc_gov/niosh/topics/metalworking/default.html"",""retrievedOn"":""2026-08-05"",""supports"":[""function"",""inspection"",""safety""]},{""kind"":""technical-reference"",""title"":""29 CFR 1910.147 Control of hazardous energy"",""publisher"":""Occupational Safety and Health Administration"",""url"":""https://www.osha.gov/laws-regs/regulations/standardnumber/1910/1910.147"",""retrievedOn"":""2026-08-05"",""supports"":[""safety""]},{""kind"":""source-cad"",""title"":""Source CAD node 2912561_UNTERSCHALE-VEREINF at occurrence path DMU50_4843_ASM > 2590726_KS-BEH_ZEI > 2912561_UNTERSCHALE-VEREINF"",""publisher"":""Supplied DMU50 STEP assembly and derived GLB inventory"",""supports"":[""category"",""inspection"",""overview"",""relationships"",""title""]}]",Lower Coolant Vessel Shell is the lower half of the coolant vessel housing.,It forms the lower enclosing surface around coolant-related equipment without establishing its capacity or pressure rating.,It belongs to the coolant support assembly below the upper coolant vessel shell and near the elbow joint.,"Inspect the lower shell seams, attachment points, corrosion, and residue at interfaces from an authorized position. Record any change and use exact maintenance information before corrective work.","Treat unknown fluid residue cautiously. Follow site controls before opening, draining, or separating the shell."
step:77d67cdf8ca533d37387abff7c1753ad6be486d591bf2f6cde6e917da186b783:generated:component-label:#276676,component-label,C34,Upper Coolant Vessel Shell,Coolant Containment,geometry-derived,"{""space"":""component-local"",""units"":""m"",""position"":[0.2799638509750366,0.3403705358505249,0.3624701760709286],""direction"":[0.6981617175815743,-0.6962601724867897,0.16670929281900354],""positionMethod"":""outward-local-bounds-face""}","[{""kind"":""technical-reference"",""title"":""Metalworking Fluids"",""publisher"":""National Institute for Occupational Safety and Health"",""url"":""https://archive.cdc.gov/www_cdc_gov/niosh/topics/metalworking/default.html"",""retrievedOn"":""2026-08-05"",""supports"":[""function"",""inspection"",""safety""]},{""kind"":""technical-reference"",""title"":""29 CFR 1910.147 Control of hazardous energy"",""publisher"":""Occupational Safety and Health Administration"",""url"":""https://www.osha.gov/laws-regs/regulations/standardnumber/1910/1910.147"",""retrievedOn"":""2026-08-05"",""supports"":[""safety""]},{""kind"":""source-cad"",""title"":""Source CAD node 2917630_OBERSCHALE-VEREINFACHT at occurrence path DMU50_4843_ASM > 2590726_KS-BEH_ZEI > 2917630_OBERSCHALE-VEREINFACHT"",""publisher"":""Supplied DMU50 STEP assembly and derived GLB inventory"",""supports"":[""category"",""inspection"",""overview"",""relationships"",""title""]}]",Upper Coolant Vessel Shell is the upper half of the coolant vessel housing.,It forms the upper enclosing surface around coolant-related equipment without establishing its capacity or pressure rating.,It belongs to the coolant support assembly above the lower coolant vessel shell and near the elbow joint.,"Inspect the upper shell seams, attachment points, corrosion, and residue at interfaces from an authorized position. Record any change and use exact maintenance information before corrective work.","Treat unknown fluid residue cautiously. Follow site controls before opening, draining, or separating the shell."
step:77d67cdf8ca533d37387abff7c1753ad6be486d591bf2f6cde6e917da186b783:generated:component-label:#287374,component-label,C35,Coolant Vessel Elbow Joint,Coolant Delivery,geometry-derived,"{""space"":""component-local"",""units"":""m"",""position"":[-0.29557421058416367,0.3192443251609802,0.10865319013828412],""direction"":[0.5976922926165753,-0.8009014863915863,0.036341882759284835],""positionMethod"":""outward-local-bounds-face""}","[{""kind"":""technical-reference"",""title"":""Metalworking Fluids"",""publisher"":""National Institute for Occupational Safety and Health"",""url"":""https://archive.cdc.gov/www_cdc_gov/niosh/topics/metalworking/default.html"",""retrievedOn"":""2026-08-05"",""supports"":[""function"",""inspection"",""safety""]},{""kind"":""technical-reference"",""title"":""29 CFR 1910.147 Control of hazardous energy"",""publisher"":""Occupational Safety and Health Administration"",""url"":""https://www.osha.gov/laws-regs/regulations/standardnumber/1910/1910.147"",""retrievedOn"":""2026-08-05"",""supports"":[""safety""]},{""kind"":""source-cad"",""title"":""Source CAD node 2931353_L-GELENK at occurrence path DMU50_4843_ASM > 2590726_KS-BEH_ZEI > 2931353_L-GELENK"",""publisher"":""Supplied DMU50 STEP assembly and derived GLB inventory"",""supports"":[""category"",""inspection"",""overview"",""relationships"",""title""]}]",Coolant Vessel Elbow Joint is the angled connection beside the coolant vessel shells.,"It joins visible parts of the coolant support assembly, but the exact medium and internal arrangement are not established.",It sits beside the upper and lower coolant vessel shells and the pivoting support arm.,"Inspect the elbow joint interfaces, alignment, residue around joints, and clearance to the shells from an authorized position. Record any change and use exact maintenance information before corrective work.",Do not loosen the elbow joint until the contents and all stored energy have been identified and controlled.
step:77d67cdf8ca533d37387abff7c1753ad6be486d591bf2f6cde6e917da186b783:generated:component-label:#432180,component-label,C36,DS04 Auxiliary Module,Machine Auxiliary,geometry-derived,"{""space"":""component-local"",""units"":""m"",""position"":[0,0.3570750057697296,0.04015999916009605],""direction"":[0.32538659007998466,0.776867662799326,-0.5390734657658754],""positionMethod"":""outward-local-bounds-face""}","[{""kind"":""technical-reference"",""title"":""29 CFR 1910.147 Control of hazardous energy"",""publisher"":""Occupational Safety and Health Administration"",""url"":""https://www.osha.gov/laws-regs/regulations/standardnumber/1910/1910.147"",""retrievedOn"":""2026-08-05"",""supports"":[""safety""]},{""kind"":""source-cad"",""title"":""Source CAD node DS04BD0FC642 at occurrence path DMU50_4843_ASM > 3755454 > 2831032_3707180 > DS04BD0FC642"",""publisher"":""Supplied DMU50 STEP assembly and derived GLB inventory"",""supports"":[""category"",""inspection"",""overview"",""relationships"",""title""]}]",DS04 Auxiliary Module is the compact DS04 grouping beside the pipe-support structure.,"It gathers auxiliary equipment into one visible module; its exact electrical, fluid, or control role is not established.",It belongs to the pipe support and auxiliary module beside the auxiliary pipe and supporting structure.,"Inspect the module mounting, outer surfaces, nearby pipe clearance, and signs of damage or leakage from an authorized position. Record any change and use exact maintenance information before corrective work.",Do not open or disconnect the DS04 module until qualified personnel identify and isolate applicable hazards.
step:77d67cdf8ca533d37387abff7c1753ad6be486d591bf2f6cde6e917da186b783:generated:component-label:#49560,component-label,C37,Spray Unit,Coolant Delivery,geometry-derived,"{""space"":""component-local"",""units"":""m"",""position"":[-0.07600000128149986,0.8855000138282776,0.021000005304813385],""direction"":[0.017880878226375463,0.9854951077024376,0.1687591979372213],""positionMethod"":""outward-local-bounds-face""}","[{""kind"":""source-cad"",""title"":""Source CAD node 3223650_SPISTO at occurrence path DMU50_4843_ASM > 2627893_GRUNDMASCHINE > 3223650_SPISTO"",""publisher"":""Supplied DMU50 STEP assembly and derived GLB inventory"",""supports"":[""category"",""inspection"",""overview"",""relationships"",""title""]}]",Spray Unit is a compact coolant-delivery assembly near the column-side machine structure.,"It directs or supports coolant delivery toward the machining area, without establishing pressure or adjustment settings.",It belongs to the base and column system near the coolant nozzle array and spindle work area.,"Inspect the spray unit body, outlet area, fitting condition, and clearance to moving members from an authorized position. Record any change and use exact maintenance information before corrective work.",Avoid exposure to coolant spray. Isolate machine motion and follow site fluid controls before service.
step:77d67cdf8ca533d37387abff7c1753ad6be486d591bf2f6cde6e917da186b783:generated:component-label:#57619,component-label,C38,Machine Bed Body,Machine Structure,geometry-derived,"{""space"":""component-local"",""units"":""m"",""position"":[0,0.019999999552965164,0.6500000208616257],""direction"":[0.07232099034560457,-0.9405944910349721,-0.33174037708740356],""positionMethod"":""outward-local-bounds-face""}","[{""kind"":""source-cad"",""title"":""Source CAD node 2572244_BETT_01 at occurrence path DMU50_4843_ASM > 2572244_BETT > 2572244_BETT_01"",""publisher"":""Supplied DMU50 STEP assembly and derived GLB inventory"",""supports"":[""category"",""inspection"",""overview"",""relationships"",""title""]}]",Machine Bed Body is the main solid structural member within the machine bed.,It carries machine loads and provides a rigid base for the workholding and column-side systems.,It belongs to the machine bed below the swivel rotary table and base and column system.,"Inspect the bed body surfaces, mounting interfaces, corrosion or damage, and fluid accumulation from an authorized position. Record any change and use exact maintenance information before corrective work.",Do not work beneath unsupported machine structure. Follow approved lifting and service procedures.
step:77d67cdf8ca533d37387abff7c1753ad6be486d591bf2f6cde6e917da186b783:generated:component-label:#97240,component-label,C39,Spindle Mounting Flange,Spindle System,geometry-derived,"{""space"":""component-local"",""units"":""m"",""position"":[0.10719999670982361,0,0],""direction"":[0.8907285677082125,-0.41433946720016074,0.18688345188582958],""positionMethod"":""outward-local-bounds-face""}","[{""kind"":""source-cad"",""title"":""Source CAD node 2849731_FLANSCH at occurrence path DMU50_4843_ASM > 2850201_SPINDEL_SK40_14K > 2849731_FLANSCH"",""publisher"":""Supplied DMU50 STEP assembly and derived GLB inventory"",""supports"":[""category"",""inspection"",""overview"",""relationships"",""title""]}]",Spindle Mounting Flange is the circular mounting interface around the spindle assembly.,It supports the spindle body and helps locate it against the surrounding machine structure.,It belongs to the SK40 spindle assembly beside the milling spindle body and column-side support.,"Inspect the mounting flange face, fastener locations, interface cleanliness, and signs of fretting or damage from an authorized position. Record any change and use exact maintenance information before corrective work.",Do not loosen spindle mounting parts without qualified guidance and authorized energy control.
step:77d67cdf8ca533d37387abff7c1753ad6be486d591bf2f6cde6e917da186b783:generated:component-label:#272040,component-label,C40,Coolant Support Profile,Coolant Delivery,geometry-derived,"{""space"":""component-local"",""units"":""m"",""position"":[0.04650000110268593,-0.43617737293243397,0.0000012330710887908936],""direction"":[0.6554719818960437,-0.40623934081372576,-0.6366522433200894],""positionMethod"":""outward-local-bounds-face""}","[{""kind"":""source-cad"",""title"":""Source CAD node 2603337_PROFIL_1 at occurrence path DMU50_4843_ASM > 2590726_KS-BEH_ZEI > 2603337_PROFIL_1"",""publisher"":""Supplied DMU50 STEP assembly and derived GLB inventory"",""supports"":[""category"",""inspection"",""overview"",""relationships"",""title""]}]",Coolant Support Profile is the elongated structural profile in the coolant-support group.,It supports nearby coolant-related components and maintains their relative position.,"It belongs to the coolant support assembly near the support arm, vessel shells, and elbow joint.","Inspect the support profile straightness, attachment points, surface damage, and clearance to adjacent parts from an authorized position. Record any change and use exact maintenance information before corrective work.",Do not use the support profile as a handhold or lifting point. Follow authorized service instructions.
step:77d67cdf8ca533d37387abff7c1753ad6be486d591bf2f6cde6e917da186b783:generated:component-label:#292923,component-label,C41,Auxiliary Pipe,Machine Auxiliary,geometry-derived,"{""space"":""component-local"",""units"":""m"",""position"":[-0.27300000190734863,0.24539615213871002,0.00190063938498497],""direction"":[-0.7482665540294164,-0.45527722443858565,-0.4825140547470509],""positionMethod"":""outward-local-bounds-face""}","[{""kind"":""source-cad"",""title"":""Source CAD node 2644101_ROHR at occurrence path DMU50_4843_ASM > 3755454 > 2644101_ROHR"",""publisher"":""Supplied DMU50 STEP assembly and derived GLB inventory"",""supports"":[""category"",""inspection"",""overview"",""relationships"",""title""]}]",Auxiliary Pipe is the visible pipe run within the auxiliary support group.,It routes an unidentified auxiliary medium between nearby equipment; the medium and pressure are not established.,It belongs to the pipe support and auxiliary module beside the DS04 auxiliary module and support structure.,"Inspect the pipe surface, joints, support clamps, and signs of leakage or abrasion from an authorized position. Record any change and use exact maintenance information before corrective work.",Do not disconnect the auxiliary pipe until qualified personnel identify its contents and isolate hazards.
